Primary_Key,URL
10001,http://1.usa.gov/1RRQiMK
10002,http://1.usa.gov/1ktSAmz
10003,http://bit.ly/1CfZmS9
10004,http://bit.ly/1I8WLh9
10005,http://bit.ly/1IhfIel
10006,"http://bit.ly/1JgGb1e, http://bit.ly/1Udra10"
10007,http://bit.ly/1JgwqzS
10008,"http://bit.ly/1MHOaPv, http://bit.ly/1CUWrln"
10009,http://bit.ly/1NVIF7B
10010,"http://bit.ly/1NwLDda, http://bit.ly/1Ni03D7"
10011,"http://bit.ly/1Oyaoeu, http://www.laprensa.mx/notas.asp?id=405916"
10012,http://bit.ly/1PxxrF5
10013,http://bit.ly/1Q8W76t
10014,http://bit.ly/1QG2T4a
10015,http://bit.ly/1QZDv9u
10016,http://bit.ly/1QjSzuh
10017,http://bit.ly/1RJAycg
10018,http://bit.ly/1SufxFk
10019,http://bit.ly/1TqDCtS
10020,http://bit.ly/1U0WZNQ
10021,http://bit.ly/1UWt4S7
10022,http://bit.ly/1UdMMbs
10023,http://bit.ly/1UjjAjV
10024,http://bit.ly/1VDljEC
10025,"http://bit.ly/1VGcJ4Z, http://bit.ly/2kDAgcL"
10026,http://bit.ly/1VRqbb0
10027,http://bit.ly/1VTxKv3
10028,http://bit.ly/1VXn15b
10029,http://bit.ly/1VaeEj0
10030,http://bit.ly/1XEpOzH
10031,http://bit.ly/1XHKqpi
10032,http://bit.ly/1XgyMkT
10033,http://bit.ly/1YdyUlj
10034,http://bit.ly/1YwAG36
10035,http://bit.ly/1Zqk0JF
10036,http://bit.ly/1grVlvz
10037,http://bit.ly/1kpts0F
10038,http://bit.ly/1mSBY9T
10039,http://bit.ly/1ndeAUz
10040,http://bit.ly/1pNEq38
10041,http://bit.ly/1qfIw00
10042,http://bit.ly/1qrM6bn
10043,http://bit.ly/1qtWn6H
10044,http://bit.ly/1trr9aI
10045,http://bit.ly/20PLBTC
10046,http://bit.ly/22OSebl
10047,http://bit.ly/22hjuxg
10048,http://bit.ly/23Y4GVn
10049,http://bit.ly/24FqFU5
10050,http://bit.ly/24qFdJu
10051,http://bit.ly/25Nkr7H
10052,http://bit.ly/26ZoXhy
10053,http://bit.ly/28JPMau
10054,http://bit.ly/28MLZlT
10055,http://bit.ly/28Okple
10056,http://bit.ly/291fuQ9
10057,http://bit.ly/29DIw61
10058,http://bit.ly/29DIw62
10059,http://bit.ly/29DWpCy
10060,"http://bit.ly/29Ews3F, http://lmtenespanol.lmtonline.com/espanol/?p=28560"
10061,http://bit.ly/29O5Th9
10062,http://bit.ly/29W01E3
10063,http://bit.ly/29hKhcK
10064,http://bit.ly/29obMB6
10065,http://bit.ly/29qd5RN
10066,http://bit.ly/2A26W9x
10067,"http://bit.ly/2AjsHTL, http://bit.ly/2AVDNOh"
10068,http://bit.ly/2AlX5YW
10069,http://bit.ly/2Angycv
10070,"http://bit.ly/2Av0cCl, http://bit.ly/2BagwrF"
10071,http://bit.ly/2AwkzOy
10072,http://bit.ly/2BH55Ih
10073,http://bit.ly/2BKXdWu
10074,"http://bit.ly/2BT4Czx, http://bit.ly/2AqCeZe, http://bit.ly/2A8r7zJ"
10075,http://bit.ly/2BeYLHq
10076,http://bit.ly/2BlQWQN
10077,"http://bit.ly/2Br7XF6, http://bit.ly/2GbG2g0, http://bit.ly/2BpqUrL, http://bit.ly/2GhNfLN"
10078,http://bit.ly/2CSAtBY
10079,http://bit.ly/2Cnfe9n
10080,http://bit.ly/2D14Ci9
10081,http://bit.ly/2D2zY7h
10082,http://bit.ly/2DclAd1
10083,http://bit.ly/2EA89r9
10084,http://bit.ly/2EFgQhC
10085,"http://bit.ly/2EFoOHq, http://bit.ly/2FNkUvz"
10086,"http://bit.ly/2ENrWno, http://bit.ly/2oe7jHn, http://bit.ly/2obR3GC"
10087,"http://bit.ly/2EayBHN, http://bit.ly/2DTPiDW, http://bit.ly/2nzENPe"
10088,"http://bit.ly/2EbcEIw, http://bit.ly/2DYHPYs"
10089,"http://bit.ly/2EwQYaf, http://bit.ly/2oGMtjl"
10090,"http://bit.ly/2F5A54j, http://bit.ly/2Gfq2sP"
10091,http://bit.ly/2FmMpjO
10092,"http://bit.ly/2FpwGMq, http://bit.ly/2GqXUnh"
10093,"http://bit.ly/2GCqDWi, http://bit.ly/2EaA0Oz"
10094,"http://bit.ly/2Gh0iME, http://bit.ly/2o5DNDw, http://bit.ly/2Gr8KsI"
10095,http://bit.ly/2HUgIuX
10096,"http://bit.ly/2HtbaHG,, http://bit.ly/2p8NBMZ, http://bit.ly/2FvNeae"
10097,"http://bit.ly/2IhUjZw, http://bit.ly/2FvgQEG, http://bit.ly/2p448m7"
10098,"http://bit.ly/2XugCTn, https://bit.ly/2T5fozr"
10099,http://bit.ly/2aIEZsp
10100,http://bit.ly/2aLEuOn
10101,http://bit.ly/2aLEyKM
10102,http://bit.ly/2aLLXr2
10103,http://bit.ly/2aR8A20
10104,http://bit.ly/2aUGjUL
10105,http://bit.ly/2aUxm0f
10106,http://bit.ly/2aV9eee
10107,http://bit.ly/2aXnohf
10108,http://bit.ly/2aYZTjk
10109,http://bit.ly/2aZK6Qg
10110,http://bit.ly/2adypUY
10111,http://bit.ly/2aldCkB
10112,http://bit.ly/2alfGsP
10113,http://bit.ly/2amy7gB
10114,"http://bit.ly/2arhgr4, http://bit.ly/2ax6ktr"
10115,http://bit.ly/2atLy2q
10116,http://bit.ly/2auGFpF
10117,http://bit.ly/2awFgyv
10118,http://bit.ly/2ayUenC
10119,"http://bit.ly/2bAZ83A, http://bit.ly/2csOOMm"
10120,http://bit.ly/2bFuntl
10121,http://bit.ly/2bUSuFa
10122,http://bit.ly/2bWid0c
10123,http://bit.ly/2bY8Avg
10124,http://bit.ly/2bfWtZM
10125,http://bit.ly/2biDfXm
10126,http://bit.ly/2bk1uDJ
10127,http://bit.ly/2bwdtfv
10128,http://bit.ly/2bwn7yK
10129,http://bit.ly/2bxMv4W
10130,http://bit.ly/2c3WdLZ
10131,http://bit.ly/2cFDlbH
10132,http://bit.ly/2cXVnTk
10133,http://bit.ly/2cb8XoT
10134,http://bit.ly/2cnSj3r
10135,"http://bit.ly/2csUnsR, http://bit.ly/2c8YivE"
10136,http://bit.ly/2cxFB0l
10137,http://bit.ly/2d2Bdfu
10138,http://bit.ly/2dWaOft
10139,http://bit.ly/2dXVzEA
10140,http://bit.ly/2dd2pGF
10141,"http://bit.ly/2dgBJCZ, http://bit.ly/2dAJxkF"
10142,http://bit.ly/2doy9KN
10143,http://bit.ly/2drYAcr
10144,http://bit.ly/2dwexQ1
10145,http://bit.ly/2e81ycf
10146,http://bit.ly/2eAfVEw
10147,http://bit.ly/2eFrd9N
10148,http://bit.ly/2eTRPkZ
10149,http://bit.ly/2eYFwcy
10150,http://bit.ly/2efIFn5
10151,http://bit.ly/2evKvuV
10152,http://bit.ly/2evXFYI
10153,http://bit.ly/2fM36V2
10154,http://bit.ly/2fT0Hvz
10155,http://bit.ly/2fbpdWc
10156,http://bit.ly/2fd2dG8
10157,http://bit.ly/2fkLYan
10158,http://bit.ly/2fm566L
10159,http://bit.ly/2fobUQ3
10160,http://bit.ly/2g7JRe3
10161,http://bit.ly/2gDN5Ub
10162,http://bit.ly/2h0AVai
10163,http://bit.ly/2h1YRrz
10164,http://bit.ly/2h2Fawv
10165,http://bit.ly/2hCyd7D
10166,http://bit.ly/2hUABVj
10167,http://bit.ly/2hWRiAv
10168,"http://bit.ly/2iUG8OU, http://bit.ly/2l1uhCP, http://bit.ly/2ABOp5C"
10169,"http://bit.ly/2iX18UM, http://bit.ly/2zKRexc"
10170,"http://bit.ly/2ieDFMw, http://bit.ly/2hqAlOl, http://bit.ly/2hSJCQE"
10171,http://bit.ly/2ifg4wE
10172,http://bit.ly/2j0qhRg
10173,http://bit.ly/2j2l61p
10174,http://bit.ly/2j2raXJ
10175,"http://bit.ly/2jBYaU0, http://eluni.mx/2kQgARG, http://bit.ly/2kvGqgS"
10176,http://bit.ly/2jCHq2f
10177,http://bit.ly/2jFdekL
10178,http://bit.ly/2jHIQsX
10179,http://bit.ly/2jQv6bX
10180,"http://bit.ly/2jTe6lQ, http://bit.ly/2koItA9, http://bit.ly/2jiEofO"
10181,"http://bit.ly/2jVrbQa, http://bit.ly/2zknI0z"
10182,"http://bit.ly/2jYRAHV, http://bit.ly/2jKkZoz"
10183,http://bit.ly/2jYo0FR
10184,http://bit.ly/2jdNKus
10185,http://bit.ly/2jomRE8
10186,"http://bit.ly/2jwRgmI, http://bit.ly/2jQwDls"
10187,"http://bit.ly/2jwVvvB, https://goo.gl/n024Qm"
10188,http://bit.ly/2jz49Pk
10189,"http://bit.ly/2jzJYzz, http://bit.ly/2k2KjcG"
10190,"http://bit.ly/2jzJYzz, http://bit.ly/2kREYWY, http://bit.ly/2k6tgrJ"
10191,"http://bit.ly/2k9vqYx, http://bit.ly/2AdF1Vp"
10192,http://bit.ly/2kJPr5I
10193,"http://bit.ly/2kZ0JAl, http://bit.ly/2kkpHuW, http://bit.ly/2kvxbx9, http://bit.ly/2kyfgUV"
10194,http://bit.ly/2kpLt2R
10195,http://bit.ly/2krs4jj
10196,http://bit.ly/2kszkvt
10197,http://bit.ly/2lRcWvh
10198,http://bit.ly/2lWoT0E
10199,"http://bit.ly/2lchvMh, https://bit.ly/2Ky2ySl"
10200,http://bit.ly/2leDSRH
10201,http://bit.ly/2ms8OSW
10202,"http://bit.ly/2n0nhm1, http://bit.ly/2mwd9DR"
10203,http://bit.ly/2nPqzLI
10204,http://bit.ly/2nSeGoo
10205,http://bit.ly/2o7uCCM
10206,http://bit.ly/2oATVM8
10207,"http://bit.ly/2oBHalk, http://bit.ly/2Ck9ZvB, http://bit.ly/2sUaIQl, http://bit.ly/2CtdMXE"
10208,http://bit.ly/2oC3e0q
10209,"http://bit.ly/2oVr1K9, http://bit.ly/2oWQ6Vk, http://bit.ly/2q1FpAO"
10210,http://bit.ly/2oZhnoG
10211,http://bit.ly/2opth88
10212,http://bit.ly/2or86Ef
10213,"http://bit.ly/2osHDIW, https://www.facebook.com/NoticiasTelered/posts/1512755708757335"
10214,http://bit.ly/2pRDWsd
10215,http://bit.ly/2pW3vZS
10216,http://bit.ly/2pWh9M8
10217,"http://bit.ly/2q6dMTp, http://bit.ly/2q9qIb4"
10218,http://bit.ly/2r1hFZD
10219,http://bit.ly/2rDm9dL
10220,http://bit.ly/2rHcTWm
10221,http://bit.ly/2rJiSWx
10222,http://bit.ly/2rMHf4Q
10223,http://bit.ly/2rTw6DD
10224,http://bit.ly/2s7TWuw
10225,"http://bit.ly/2sDm7QP, http://bit.ly/2rXwYTM, http://lat.ms/2twJuvB"
10226,"http://bit.ly/2sGkXX4, http://bit.ly/2srjfpX, http://bit.ly/2sAdx5h"
10227,"http://bit.ly/2scVCkD, https://bit.ly/2ngTw1W"
10228,http://bit.ly/2slfEJw
10229,http://bit.ly/2slt8Vz
10230,"http://bit.ly/2sqrBgg, http://bit.ly/2rrGW1b"
10231,http://bit.ly/2sw6OZf
10232,http://bit.ly/2swuXPx
10233,http://bit.ly/2t4XXm6
10234,"http://bit.ly/2tAxiN4, http://bit.ly/2vjsybR"
10235,http://bit.ly/2tEfaD1
10236,"http://bit.ly/2tFRA8w, http://bit.ly/2vZqs18"
10237,http://bit.ly/2tIXIsI
10238,"http://bit.ly/2tJgxAB, http://bit.ly/2FJHup6"
10239,"http://bit.ly/2tR4ZXj, http://bit.ly/2rFqTfn"
10240,"http://bit.ly/2tSS1b5, http://bit.ly/2tD3uQQ"
10241,"http://bit.ly/2tdV9yB, http://bit.ly/2uEArME"
10242,http://bit.ly/2tlgCGE
10243,"http://bit.ly/2tsdLyy, http://bit.ly/2tDaWtN"
10244,http://bit.ly/2uBj8bt
10245,"http://bit.ly/2uBuSum, http://bit.ly/2sgBBxa"
10246,"http://bit.ly/2uEY0SQ, http://bit.ly/2uEY0SQ"
10247,http://bit.ly/2uHLsgr
10248,http://bit.ly/2ubgmKW
10249,http://bit.ly/2ubmpys
10250,http://bit.ly/2uqlixZ
10251,http://bit.ly/2uryAI2
10252,"http://bit.ly/2uz8y7O, http://bit.ly/2tc17Qs"
10253,"http://bit.ly/2vClJSv, http://bit.ly/2xFzKQA"
10254,http://bit.ly/2vK9EKX
10255,http://bit.ly/2vL2V4J
10256,"http://bit.ly/2vs2T3W, http://bit.ly/2vwJcbd, http://bit.ly/2AigVca"
10257,http://bit.ly/2vz9ZmN
10258,http://bit.ly/2w2EdQA
10259,http://bit.ly/2wAMcEY
10260,http://bit.ly/2wC8yCp
10261,"http://bit.ly/2wKAS6u, http://bit.ly/2wb99K4"
10262,"http://bit.ly/2wNloSf, http://bit.ly/2wO763N"
10263,"http://bit.ly/2whY2lR, http://bit.ly/2x5q4BX"
10264,"http://bit.ly/2wnzVkc, http://bit.ly/2wngJmL"
10265,http://bit.ly/2wyOSPk
10266,"http://bit.ly/2x2ahV8, http://bit.ly/2wfpvXj"
10267,http://bit.ly/2xYUPdm
10268,"http://bit.ly/2xuJ6A1, http://bit.ly/2xGdSrS"
10269,http://bit.ly/2xuXwQD
10270,"http://bit.ly/2y5nxpN, http://bit.ly/2hYgYS4"
10271,http://bit.ly/2y7B1Uo
10272,http://bit.ly/2yCSQs9
10273,http://bit.ly/2z9uA3X
10274,http://bit.ly/2zEy8e6
10275,http://bit.ly/2zjFwNo
10276,http://bit.ly/2zw7zYD
10277,http://cnn.it/1jGgOUo
10278,http://elmanana.com.mx/noticia/134859/Pescan-en-el-Bravo-cuerpo-de-ahogado.html
10279,http://humaneborders.info/
10280,http://lat.ms/2b1BTuj
10281,http://lat.ms/2oh25gq
10282,http://nyti.ms/1OHQ7ja
10283,http://nyti.ms/1k00Xlq
10284,"http://nyti.ms/2uMdFC8, http://bit.ly/2iOVRyJ, http://bit.ly/2CCPnyH, http://bit.ly/2qrgacn"
10285,http://sumo.ly/ut2s
10286,http://sumo.ly/x3vZ
10287,http://wapo.st/2fbj7CK
10288,http://www.cbp.gov/newsroom/media-resources/stats
10289,http://www.hoytamaulipas.net/notas/294035/Rescatan-cuerpo-de-ahogado-en-el-rio-Bravo-por-Nuevo-Laredo%C2%A0.html
10290,http://www.humaneborders.info
10291,http://www.humaneborders.info/
10292,"http://www.humaneborders.info/, http://bit.ly/2rTlHrJ"
10293,http://www.humaneborders.info/app/map.asp
10294,http://www.humaneborders.info/app/mapa.asp
10295,http://www.kpbs.org/audioclips/32713/
10296,http://www.laprensa.mx/notas.asp?id=371404
10297,http://www.laprensa.mx/notas.asp?id=397034
10298,http://www.laprensa.mx/notas.asp?id=402666
10299,http://www.latarde.com.mx/flotaahogadoenelriobravo-383331.html
10300,"https://abcn.ws/2xJVjkH, https://bit.ly/2xrY2zR, https://delmarvane.ws/2Dkz37f"
10301,https://bit.ly/2AVLdC3
10302,"https://bit.ly/2AVwx3y, https://bit.ly/2Tar9AF"
10303,https://bit.ly/2AbFAw9
10304,https://bit.ly/2B7T907
10305,https://bit.ly/2BLE05A
10306,https://bit.ly/2BLavRs
10307,"https://bit.ly/2BgrsUb, https://bit.ly/2Kecscj"
10308,"https://bit.ly/2BveQY1, https://bit.ly/2EHISMn, https://bit.ly/2AsIs8T"
10309,https://bit.ly/2CS3Kj5
10310,https://bit.ly/2D1Ukki
10311,https://bit.ly/2D4Mc3k
10312,"https://bit.ly/2DJpvB7, https://bit.ly/2P1trPN"
10313,https://bit.ly/2DXHB2c
10314,"https://bit.ly/2E44gsi, https://bit.ly/2IwhW4P, https://bit.ly/2Tb94G2"
10315,https://bit.ly/2EV7BO3
10316,"https://bit.ly/2EZkExY, https://bit.ly/2K6lEPY"
10317,"https://bit.ly/2EcRjPF, https://bit.ly/2AHH7KC"
10318,"https://bit.ly/2EhVU2G, https://bit.ly/2KZbu3Z, https://bit.ly/2E5RknB"
10319,"https://bit.ly/2Ew8xHS, https://bit.ly/2QUkX1W, https://bit.ly/2LlEenE"
10320,"https://bit.ly/2EzGUO8, https://bit.ly/2A3KQTk"
10321,https://bit.ly/2FMbsMg
10322,"https://bit.ly/2FPw32Y, https://bit.ly/2UpdohU"
10323,"https://bit.ly/2FSKun9, https://bit.ly/2Wxvy2S"
10324,https://bit.ly/2Fg5u5S
10325,https://bit.ly/2GK2uAX
10326,"https://bit.ly/2GOiY6g, https://bit.ly/2KUJiOq, https://bit.ly/2xqyLZg"
10327,"https://bit.ly/2Gz4viJ, https://bit.ly/2U0898m"
10328,https://bit.ly/2HAT5fU
10329,https://bit.ly/2HTPVm7
10330,https://bit.ly/2HXhp6A
10331,"https://bit.ly/2HjYQgt, https://bit.ly/2JIYqPa, https://bit.ly/2qsYN7H, https://www.facebook.com/1800Migrante/posts/1626694120754804"
10332,https://bit.ly/2I2a3Q1
10333,https://bit.ly/2I2hvde
10334,"https://bit.ly/2I3n3Wx, https://bit.ly/2vKjotR, https://bit.ly/2Hqhqo6"
10335,https://bit.ly/2I69TKO
10336,https://bit.ly/2IEgPuK
10337,"https://bit.ly/2IEgPuK, https://bit.ly/2z8dyEi"
10338,https://bit.ly/2IPqSlv
10339,"https://bit.ly/2IUWBwI, https://bit.ly/2KMiUK3"
10340,https://bit.ly/2IV1UhH
10341,"https://bit.ly/2IV7mPY, https://bit.ly/2zclxQX"
10342,"https://bit.ly/2IZgCnI, https://bit.ly/2CL5B9d"
10343,https://bit.ly/2Ispe4v
10344,"https://bit.ly/2IwAIpf, https://bit.ly/2OEOETm"
10345,https://bit.ly/2Iwxi46
10346,"https://bit.ly/2JJ7wOE, https://bit.ly/2sNPpgZ, https://bit.ly/2l3OVyZ"
10347,https://bit.ly/2JTAxHL
10348,https://bit.ly/2Jb3sqm
10349,https://bit.ly/2Jfdfbu
10350,https://bit.ly/2Jk42i9
10351,https://bit.ly/2JtMCUp
10352,https://bit.ly/2K2bPAY
10353,"https://bit.ly/2KAFi6a, https://docs.google.com/spreadsheets/d/1tMr7v1t_XUpe4gonpCEg92s8lzeGEpzamsGFvFenY7I/edit#gid=682861705"
10354,"https://bit.ly/2KGQkX1, https://bit.ly/2IUNYqa"
10355,"https://bit.ly/2KO9xWQ, https://bit.ly/2KJBhvF"
10356,https://bit.ly/2KOf4B3
10357,https://bit.ly/2KOsEkz
10358,"https://bit.ly/2KPbvGh, https://usat.ly/2kmLqTW, https://bit.ly/2xbL5wp, https://bit.ly/2IV8vYz"
10359,"https://bit.ly/2KXAirg, https://bit.ly/2PcVv3O"
10360,"https://bit.ly/2Kecscj, https://bit.ly/2FsCEkH"
10361,"https://bit.ly/2KoYFzI, https://bit.ly/2Kr8pJF"
10362,"https://bit.ly/2L4PswK, https://bit.ly/2Pwrnzo"
10363,https://bit.ly/2L8OSxJ
10364,https://bit.ly/2LKRYMn
10365,https://bit.ly/2LPplcI
10366,"https://bit.ly/2LSLIyE, https://bit.ly/2GZqPmC"
10367,https://bit.ly/2LSo1oH
10368,https://bit.ly/2LWyDH1
10369,"https://bit.ly/2LWyDH1, https://bit.ly/2vbT6OG"
10370,https://bit.ly/2LYaz6E
10371,https://bit.ly/2LiiCa7
10372,https://bit.ly/2LjqFHJ
10373,"https://bit.ly/2LujLvZ, https://bit.ly/2HrxCAK"
10374,"https://bit.ly/2LvgXhx, https://bit.ly/2wzGXmH"
10375,https://bit.ly/2MB2tSK
10376,https://bit.ly/2MEA91U
10377,https://bit.ly/2MEGyu0
10378,"https://bit.ly/2MExJPK, https://bit.ly/2N72aeo"
10379,"https://bit.ly/2MHVN4j, https://www.facebook.com/Desaparecidosysinreclamarenlafrontera/posts/1834025750240698"
10380,https://bit.ly/2MIbrgf
10381,https://bit.ly/2MZJQV0
10382,"https://bit.ly/2MauxsB, https://bit.ly/2FvNR25"
10383,"https://bit.ly/2MlaI1W, https://bit.ly/2FFMxLb"
10384,https://bit.ly/2Mnbyyz
10385,https://bit.ly/2N551UR
10386,"https://bit.ly/2N6RyvW, https://bit.ly/2KZvCp7, https://bit.ly/2KZIZXf, https://bit.ly/2A2sg0c"
10387,https://bit.ly/2NKOxSv
10388,"https://bit.ly/2NMMJaU, https://bit.ly/2PGo3Tt"
10389,"https://bit.ly/2NMXxeb, https://bit.ly/2xI12IR"
10390,https://bit.ly/2NXSK9V
10391,"https://bit.ly/2NcNdIN, https://bit.ly/2Gx7YOJ, https://bit.ly/2Gvn6wc"
10392,"https://bit.ly/2Nez7tH, https://bit.ly/2xn9TyE, https://bit.ly/2xct5jh"
10393,"https://bit.ly/2NuWrP1, https://bit.ly/2E80IbP"
10394,"https://bit.ly/2NwTKSd, https://bit.ly/2DfIlkR"
10395,https://bit.ly/2NxqgiP
10396,"https://bit.ly/2OC4KcR, https://bit.ly/2NWUnjy"
10397,https://bit.ly/2OFQIaS
10398,https://bit.ly/2OMAWPs
10399,"https://bit.ly/2OUJy5N, https://bit.ly/2CgPwXP"
10400,https://bit.ly/2OiyleI
10401,https://bit.ly/2OjLlhJ
10402,"https://bit.ly/2PED609, https://bit.ly/2BS9BFq"
10403,https://bit.ly/2PNC6df
10404,https://bit.ly/2PRZ9zJ
10405,https://bit.ly/2PTdHnp
10406,"https://bit.ly/2QBL7mG, https://bit.ly/2OCsjSB"
10407,"https://bit.ly/2QFKo7i, https://bit.ly/2QklBq1"
10408,https://bit.ly/2QZJ4cs
10409,"https://bit.ly/2QcSy33, https://bit.ly/2NElVtu"
10410,"https://bit.ly/2QcSy33, https://bit.ly/2OiyleI, https://bit.ly/2NElVtu"
10411,https://bit.ly/2QjDzUY
10412,"https://bit.ly/2QukfYT, https://bit.ly/2QzbNrw"
10413,https://bit.ly/2RHI3t5
10414,"https://bit.ly/2RfKr65, https://bit.ly/2DDtIWL"
10415,"https://bit.ly/2Rv00rv, https://bit.ly/2Q7zcB3, https://bit.ly/2zwV8uY"
10416,"https://bit.ly/2SDCBE9, https://bit.ly/2ElnqfP"
10417,"https://bit.ly/2SffgfH, https://bit.ly/2SkyEHW, https://bit.ly/2Gs2rbE"
10418,"https://bit.ly/2T5Uxwd, https://bit.ly/2EflH9l"
10419,"https://bit.ly/2TL8ITj, https://bit.ly/2tkUcpN"
10420,https://bit.ly/2TN0V7k
10421,https://bit.ly/2UQfBTy
10422,"https://bit.ly/2UXrUi1, https://bit.ly/2QIgVdv"
10423,https://bit.ly/2UfVEpM
10424,"https://bit.ly/2UyiBVA, https://bit.ly/2B2EHGC"
10425,"https://bit.ly/2VC7MSW, https://bit.ly/2EPIri3, https://bit.ly/2CUgZi4"
10426,https://bit.ly/2jWdBIU
10427,"https://bit.ly/2k2WWnc, https://bit.ly/2k4yEJJ, https://bit.ly/2L8OSxJ"
10428,https://bit.ly/2nOKSrI
10429,https://bit.ly/2nRFQL7
10430,"https://bit.ly/2o2Asol, https://bit.ly/2BFiNg4"
10431,https://bit.ly/2o2VRhi
10432,https://bit.ly/2oKGTNj
10433,"https://bit.ly/2ocBdeD, https://bit.ly/2NnwphF"
10434,https://bit.ly/2ozQ2YR
10435,"https://bit.ly/2p5d3mO, https://bit.ly/2N6im3T"
10436,https://bit.ly/2pFmOI5
10437,"https://bit.ly/2pHNXKD, https://bit.ly/2Gh6STN"
10438,"https://bit.ly/2pPq6sj, https://bit.ly/2IZoMMl"
10439,https://bit.ly/2qDbJJ0
10440,https://bit.ly/2r6Q4bU
10441,"https://bit.ly/2tI14O6, https://bit.ly/2IvAFrX, https://bit.ly/2Klqrzx"
10442,https://bit.ly/2uJlgjL
10443,https://bit.ly/2uRuo66
10444,https://bit.ly/2uSzvSs
10445,https://bit.ly/2v3hXmS
10446,"https://bit.ly/2wJHhma, https://bit.ly/2rHFtnB"
10447,https://bit.ly/2wsIt9Y
10448,https://bit.ly/2xbARcq
10449,https://bit.ly/2xhMGyp
10450,"https://bit.ly/2yuPrjc, https://bit.ly/2JYesb1, https://bit.ly/2I9EfYR"
10451,"https://bit.ly/2z48GA8, https://bit.ly/2Kyx0ia"
10452,https://bit.ly/2zlmwf7
10453,https://canal6.com.hn/encuentran-a-hondureno-ahogado-en-el-rio-bravo-en-mexico.html
10454,"https://goo.gl/afHw1T, https://bit.ly/2DY9wMc"
10455,https://m.facebook.com/photo.php?fbid=1050253775032319
10456,"https://reut.rs/2S4rYdW, https://bit.ly/2R837Zs, https://bit.ly/2QJm2dP"
10457,https://t.co/DabSx6P4Rv
10458,"https://tlmdo.co/2CxHqJM, https://bit.ly/2CnIwaU"
10459,https://twitter.com/GRUPO_SIENO/status/530112433151823872
10460,"https://usat.ly/2JWDvrJ, https://abcn.ws/2MAZJRR"
10461,https://usat.ly/2v8DzB7
10462,https://www.facebook.com/1800Migrante/photos/pcb.1721094974648051/1721092261314989/?type=3&theater
10463,https://www.facebook.com/Desaparecidosysinreclamarenlafrontera/posts/1833316786978261
10464,https://www.facebook.com/ElBuscaPersonas/posts/1167528716638157:0
10465,
